head,relation,tail
Apple,hasDisease,Apple_Scab
Apple,hasDisease,Black_Rot
Apple,hasDisease,Cedar_Apple_Rust
Cherry,hasDisease,Powdery_Mildew
Corn,hasDisease,Gray_Leaf_Spot
Corn,hasDisease,Common_Rust
Corn,hasDisease,Northern_Leaf_Blight
Grape,hasDisease,Black_Rot
Grape,hasDisease,Esca
Grape,hasDisease,Leaf_Blight
Orange,hasDisease,Citrus_Greening
Peach,hasDisease,Bacterial_Spot
Pepper,hasDisease,Bacterial_Spot
Potato,hasDisease,Early_Blight
Potato,hasDisease,Late_Blight
Squash,hasDisease,Powdery_Mildew
Strawberry,hasDisease,Leaf_Scorch
Tomato,hasDisease,Bacterial_Spot
Tomato,hasDisease,Early_Blight
Tomato,hasDisease,Late_Blight
Tomato,hasDisease,Leaf_Mold
Tomato,hasDisease,Septoria_Leaf_Spot
Tomato,hasDisease,Spider_Mites
Tomato,hasDisease,Target_Spot
Tomato,hasDisease,Tomato_Yellow_Leaf_Curl_Virus
Tomato,hasDisease,Tomato_Mosaic_Virus
Apple_Scab,hasSymptom,Stunted_Growth
Apple_Scab,hasSymptom,Yellowing_Leaves
Apple_Scab,hasSymptom,Brown_Leaf_Spots
Apple_Scab,hasSymptom,Dark_Margins
Apple_Scab,treatedBy,Resistant_Variety
Apple_Scab,treatedBy,Sanitation
Apple_Scab,treatedBy,Crop_Rotation
Apple_Scab,affectsPart,Leaf
Black_Rot,hasSymptom,Vein_Yellowing
Black_Rot,hasSymptom,Yellowing_Leaves
Black_Rot,hasSymptom,Leaf_Scorch
Black_Rot,hasSymptom,Stunted_Growth
Black_Rot,treatedBy,Sanitation
Black_Rot,treatedBy,Soil_Solarization
Black_Rot,treatedBy,Fungicide
Black_Rot,affectsPart,Leaf
Cedar_Apple_Rust,hasSymptom,Brown_Leaf_Spots
Cedar_Apple_Rust,hasSymptom,Yellowing_Leaves
Cedar_Apple_Rust,hasSymptom,Leaf_Wilting
Cedar_Apple_Rust,hasSymptom,Mosaic_Patterns
Cedar_Apple_Rust,treatedBy,Pruning
Cedar_Apple_Rust,treatedBy,Fungicide
Cedar_Apple_Rust,treatedBy,Resistant_Variety
Cedar_Apple_Rust,affectsPart,Leaf
Powdery_Mildew,hasSymptom,Vein_Yellowing
Powdery_Mildew,hasSymptom,Stunted_Growth
Powdery_Mildew,hasSymptom,Leaf_Scorch
Powdery_Mildew,hasSymptom,Curling_Leaves
Powdery_Mildew,treatedBy,Resistant_Variety
Powdery_Mildew,treatedBy,Biological_Control
Powdery_Mildew,treatedBy,Remove_Infected_Plants
Powdery_Mildew,affectsPart,Leaf
Gray_Leaf_Spot,hasSymptom,Brown_Leaf_Spots
Gray_Leaf_Spot,hasSymptom,Water_Soaked_Lesions
Gray_Leaf_Spot,hasSymptom,Curling_Leaves
Gray_Leaf_Spot,hasSymptom,White_Powdery_Growth
Gray_Leaf_Spot,treatedBy,Remove_Infected_Plants
Gray_Leaf_Spot,treatedBy,Crop_Rotation
Gray_Leaf_Spot,treatedBy,Resistant_Variety
Gray_Leaf_Spot,affectsPart,Leaf
Common_Rust,hasSymptom,White_Powdery_Growth
Common_Rust,hasSymptom,Yellowing_Leaves
Common_Rust,hasSymptom,Stunted_Growth
Common_Rust,hasSymptom,Curling_Leaves
Common_Rust,treatedBy,Copper_Spray
Common_Rust,treatedBy,Proper_Irrigation
Common_Rust,treatedBy,Pruning
Common_Rust,affectsPart,Leaf
Northern_Leaf_Blight,hasSymptom,Mosaic_Patterns
Northern_Leaf_Blight,hasSymptom,Dark_Margins
Northern_Leaf_Blight,hasSymptom,Brown_Leaf_Spots
Northern_Leaf_Blight,hasSymptom,Necrotic_Tissue
Northern_Leaf_Blight,treatedBy,Pruning
Northern_Leaf_Blight,treatedBy,Copper_Spray
Northern_Leaf_Blight,treatedBy,Soil_Solarization
Northern_Leaf_Blight,affectsPart,Leaf
Black_Rot,hasSymptom,Yellowing_Leaves
Black_Rot,hasSymptom,Leaf_Scorch
Black_Rot,hasSymptom,Dark_Margins
Black_Rot,hasSymptom,White_Powdery_Growth
Black_Rot,treatedBy,Sanitation
Black_Rot,treatedBy,Resistant_Variety
Black_Rot,treatedBy,Copper_Spray
Black_Rot,affectsPart,Leaf
Esca,hasSymptom,Brown_Leaf_Spots
Esca,hasSymptom,Stunted_Growth
Esca,hasSymptom,Leaf_Wilting
Esca,hasSymptom,Dark_Margins
Esca,treatedBy,Copper_Spray
Esca,treatedBy,Resistant_Variety
Esca,treatedBy,Sanitation
Esca,affectsPart,Leaf
Leaf_Blight,hasSymptom,Curling_Leaves
Leaf_Blight,hasSymptom,Dark_Margins
Leaf_Blight,hasSymptom,Necrotic_Tissue
Leaf_Blight,hasSymptom,White_Powdery_Growth
Leaf_Blight,treatedBy,Crop_Rotation
Leaf_Blight,treatedBy,Proper_Irrigation
Leaf_Blight,treatedBy,Pruning
Leaf_Blight,affectsPart,Leaf
Citrus_Greening,hasSymptom,Leaf_Wilting
Citrus_Greening,hasSymptom,Stunted_Growth
Citrus_Greening,hasSymptom,Dark_Margins
Citrus_Greening,hasSymptom,Yellowing_Leaves
Citrus_Greening,treatedBy,Sanitation
Citrus_Greening,treatedBy,Crop_Rotation
Citrus_Greening,treatedBy,Resistant_Variety
Citrus_Greening,affectsPart,Leaf
Bacterial_Spot,hasSymptom,Water_Soaked_Lesions
Bacterial_Spot,hasSymptom,Necrotic_Tissue
Bacterial_Spot,hasSymptom,Curling_Leaves
Bacterial_Spot,hasSymptom,Dark_Margins
Bacterial_Spot,treatedBy,Pruning
Bacterial_Spot,treatedBy,Resistant_Variety
Bacterial_Spot,treatedBy,Proper_Irrigation
Bacterial_Spot,affectsPart,Leaf
Bacterial_Spot,hasSymptom,Brown_Leaf_Spots
Bacterial_Spot,hasSymptom,Leaf_Wilting
Bacterial_Spot,hasSymptom,Vein_Yellowing
Bacterial_Spot,hasSymptom,White_Powdery_Growth
Bacterial_Spot,treatedBy,Soil_Solarization
Bacterial_Spot,treatedBy,Remove_Infected_Plants
Bacterial_Spot,treatedBy,Copper_Spray
Bacterial_Spot,affectsPart,Leaf
Early_Blight,hasSymptom,Leaf_Wilting
Early_Blight,hasSymptom,Mosaic_Patterns
Early_Blight,hasSymptom,White_Powdery_Growth
Early_Blight,hasSymptom,Vein_Yellowing
Early_Blight,treatedBy,Biological_Control
Early_Blight,treatedBy,Soil_Solarization
Early_Blight,treatedBy,Sanitation
Early_Blight,affectsPart,Leaf
Late_Blight,hasSymptom,Water_Soaked_Lesions
Late_Blight,hasSymptom,Dark_Margins
Late_Blight,hasSymptom,Vein_Yellowing
Late_Blight,hasSymptom,Leaf_Wilting
Late_Blight,treatedBy,Pruning
Late_Blight,treatedBy,Sanitation
Late_Blight,treatedBy,Remove_Infected_Plants
Late_Blight,affectsPart,Leaf
Powdery_Mildew,hasSymptom,Vein_Yellowing
Powdery_Mildew,hasSymptom,Mosaic_Patterns
Powdery_Mildew,hasSymptom,Curling_Leaves
Powdery_Mildew,hasSymptom,Stunted_Growth
Powdery_Mildew,treatedBy,Proper_Irrigation
Powdery_Mildew,treatedBy,Resistant_Variety
Powdery_Mildew,treatedBy,Crop_Rotation
Powdery_Mildew,affectsPart,Leaf
Leaf_Scorch,hasSymptom,Leaf_Scorch
Leaf_Scorch,hasSymptom,Necrotic_Tissue
Leaf_Scorch,hasSymptom,Yellowing_Leaves
Leaf_Scorch,hasSymptom,Brown_Leaf_Spots
Leaf_Scorch,treatedBy,Copper_Spray
Leaf_Scorch,treatedBy,Crop_Rotation
Leaf_Scorch,treatedBy,Pruning
Leaf_Scorch,affectsPart,Leaf
Bacterial_Spot,hasSymptom,Stunted_Growth
Bacterial_Spot,hasSymptom,Curling_Leaves
Bacterial_Spot,hasSymptom,Mosaic_Patterns
Bacterial_Spot,hasSymptom,Yellowing_Leaves
Bacterial_Spot,treatedBy,Soil_Solarization
Bacterial_Spot,treatedBy,Sanitation
Bacterial_Spot,treatedBy,Biological_Control
Bacterial_Spot,affectsPart,Leaf
Early_Blight,hasSymptom,Leaf_Scorch
Early_Blight,hasSymptom,Dark_Margins
Early_Blight,hasSymptom,Vein_Yellowing
Early_Blight,hasSymptom,Brown_Leaf_Spots
Early_Blight,treatedBy,Copper_Spray
Early_Blight,treatedBy,Pruning
Early_Blight,treatedBy,Remove_Infected_Plants
Early_Blight,affectsPart,Leaf
Late_Blight,hasSymptom,Stunted_Growth
Late_Blight,hasSymptom,White_Powdery_Growth
Late_Blight,hasSymptom,Yellowing_Leaves
Late_Blight,hasSymptom,Dark_Margins
Late_Blight,treatedBy,Soil_Solarization
Late_Blight,treatedBy,Crop_Rotation
Late_Blight,treatedBy,Biological_Control
Late_Blight,affectsPart,Leaf
Leaf_Mold,hasSymptom,Brown_Leaf_Spots
Leaf_Mold,hasSymptom,Dark_Margins
Leaf_Mold,hasSymptom,Leaf_Scorch
Leaf_Mold,hasSymptom,Water_Soaked_Lesions
Leaf_Mold,treatedBy,Pruning
Leaf_Mold,treatedBy,Copper_Spray
Leaf_Mold,treatedBy,Remove_Infected_Plants
Leaf_Mold,affectsPart,Leaf
Septoria_Leaf_Spot,hasSymptom,Stunted_Growth
Septoria_Leaf_Spot,hasSymptom,Leaf_Scorch
Septoria_Leaf_Spot,hasSymptom,Mosaic_Patterns
Septoria_Leaf_Spot,hasSymptom,Leaf_Wilting
Septoria_Leaf_Spot,treatedBy,Crop_Rotation
Septoria_Leaf_Spot,treatedBy,Proper_Irrigation
Septoria_Leaf_Spot,treatedBy,Sanitation
Septoria_Leaf_Spot,affectsPart,Leaf
Spider_Mites,hasSymptom,Leaf_Scorch
Spider_Mites,hasSymptom,Vein_Yellowing
Spider_Mites,hasSymptom,Brown_Leaf_Spots
Spider_Mites,hasSymptom,White_Powdery_Growth
Spider_Mites,treatedBy,Biological_Control
Spider_Mites,treatedBy,Fungicide
Spider_Mites,treatedBy,Copper_Spray
Spider_Mites,affectsPart,Leaf
Target_Spot,hasSymptom,White_Powdery_Growth
Target_Spot,hasSymptom,Dark_Margins
Target_Spot,hasSymptom,Leaf_Wilting
Target_Spot,hasSymptom,Brown_Leaf_Spots
Target_Spot,treatedBy,Resistant_Variety
Target_Spot,treatedBy,Copper_Spray
Target_Spot,treatedBy,Pruning
Target_Spot,affectsPart,Leaf
Tomato_Yellow_Leaf_Curl_Virus,hasSymptom,Vein_Yellowing
Tomato_Yellow_Leaf_Curl_Virus,hasSymptom,Necrotic_Tissue
Tomato_Yellow_Leaf_Curl_Virus,hasSymptom,Yellowing_Leaves
Tomato_Yellow_Leaf_Curl_Virus,hasSymptom,Leaf_Scorch
Tomato_Yellow_Leaf_Curl_Virus,treatedBy,Crop_Rotation
Tomato_Yellow_Leaf_Curl_Virus,treatedBy,Sanitation
Tomato_Yellow_Leaf_Curl_Virus,treatedBy,Biological_Control
Tomato_Yellow_Leaf_Curl_Virus,affectsPart,Leaf
Tomato_Mosaic_Virus,hasSymptom,Leaf_Scorch
Tomato_Mosaic_Virus,hasSymptom,Water_Soaked_Lesions
Tomato_Mosaic_Virus,hasSymptom,Dark_Margins
Tomato_Mosaic_Virus,hasSymptom,Vein_Yellowing
Tomato_Mosaic_Virus,treatedBy,Sanitation
Tomato_Mosaic_Virus,treatedBy,Soil_Solarization
Tomato_Mosaic_Virus,treatedBy,Resistant_Variety
Tomato_Mosaic_Virus,affectsPart,Leaf
Water_Soaked_Lesions,coOccursWith,Necrotic_Tissue
Dark_Margins,coOccursWith,Curling_Leaves
Curling_Leaves,coOccursWith,Necrotic_Tissue
Dark_Margins,coOccursWith,Mosaic_Patterns
Dark_Margins,coOccursWith,Leaf_Scorch
Water_Soaked_Lesions,coOccursWith,White_Powdery_Growth
Water_Soaked_Lesions,coOccursWith,Stunted_Growth
Necrotic_Tissue,coOccursWith,Mosaic_Patterns
Leaf_Wilting,coOccursWith,Necrotic_Tissue
Necrotic_Tissue,coOccursWith,Vein_Yellowing
Brown_Leaf_Spots,coOccursWith,Leaf_Scorch
Yellowing_Leaves,coOccursWith,Curling_Leaves
Yellowing_Leaves,coOccursWith,White_Powdery_Growth
Brown_Leaf_Spots,coOccursWith,White_Powdery_Growth
Water_Soaked_Lesions,coOccursWith,Leaf_Wilting
Brown_Leaf_Spots,coOccursWith,Water_Soaked_Lesions
Leaf_Wilting,coOccursWith,Vein_Yellowing
Leaf_Wilting,coOccursWith,Mosaic_Patterns
Curling_Leaves,coOccursWith,Mosaic_Patterns
White_Powdery_Growth,coOccursWith,Stunted_Growth
White_Powdery_Growth,coOccursWith,Leaf_Scorch
Brown_Leaf_Spots,coOccursWith,Yellowing_Leaves
Curling_Leaves,coOccursWith,Leaf_Scorch
Dark_Margins,coOccursWith,Necrotic_Tissue
Brown_Leaf_Spots,coOccursWith,Dark_Margins
White_Powdery_Growth,coOccursWith,Curling_Leaves
Dark_Margins,coOccursWith,Stunted_Growth
Brown_Leaf_Spots,coOccursWith,Leaf_Wilting
Mosaic_Patterns,coOccursWith,Stunted_Growth
Mosaic_Patterns,coOccursWith,Vein_Yellowing
Leaf_Wilting,coOccursWith,Curling_Leaves
Curling_Leaves,coOccursWith,Stunted_Growth
Yellowing_Leaves,coOccursWith,Leaf_Scorch
Leaf_Wilting,coOccursWith,White_Powdery_Growth
Yellowing_Leaves,coOccursWith,Dark_Margins
Necrotic_Tissue,coOccursWith,Stunted_Growth
Leaf_Wilting,coOccursWith,Stunted_Growth
Leaf_Scorch,coOccursWith,Mosaic_Patterns
Yellowing_Leaves,coOccursWith,Mosaic_Patterns
Water_Soaked_Lesions,coOccursWith,Mosaic_Patterns
Apple_Scab,similarTo,Black_Rot
Apple_Scab,similarTo,Cedar_Apple_Rust
Apple_Scab,similarTo,Common_Rust
Apple_Scab,similarTo,Northern_Leaf_Blight
Apple_Scab,similarTo,Black_Rot
Apple_Scab,similarTo,Esca
Apple_Scab,similarTo,Citrus_Greening
Apple_Scab,similarTo,Bacterial_Spot
Apple_Scab,similarTo,Bacterial_Spot
Apple_Scab,similarTo,Early_Blight
Apple_Scab,similarTo,Late_Blight
Apple_Scab,similarTo,Leaf_Scorch
Apple_Scab,similarTo,Bacterial_Spot
Apple_Scab,similarTo,Early_Blight
Apple_Scab,similarTo,Late_Blight
Apple_Scab,similarTo,Leaf_Mold
Apple_Scab,similarTo,Target_Spot
Black_Rot,similarTo,Powdery_Mildew
Black_Rot,similarTo,Common_Rust
Black_Rot,similarTo,Black_Rot
Black_Rot,similarTo,Esca
Black_Rot,similarTo,Leaf_Blight
Black_Rot,similarTo,Citrus_Greening
Black_Rot,similarTo,Bacterial_Spot
Black_Rot,similarTo,Bacterial_Spot
Black_Rot,similarTo,Early_Blight
Black_Rot,similarTo,Late_Blight
Black_Rot,similarTo,Powdery_Mildew
Black_Rot,similarTo,Leaf_Scorch
Black_Rot,similarTo,Bacterial_Spot
Black_Rot,similarTo,Early_Blight
Black_Rot,similarTo,Late_Blight
Black_Rot,similarTo,Leaf_Mold
Black_Rot,similarTo,Septoria_Leaf_Spot
Black_Rot,similarTo,Spider_Mites
Black_Rot,similarTo,Target_Spot
Black_Rot,similarTo,Tomato_Yellow_Leaf_Curl_Virus
Black_Rot,similarTo,Tomato_Mosaic_Virus
Cedar_Apple_Rust,similarTo,Northern_Leaf_Blight
Cedar_Apple_Rust,similarTo,Esca
Cedar_Apple_Rust,similarTo,Citrus_Greening
Cedar_Apple_Rust,similarTo,Bacterial_Spot
Cedar_Apple_Rust,similarTo,Bacterial_Spot
Cedar_Apple_Rust,similarTo,Early_Blight
Cedar_Apple_Rust,similarTo,Late_Blight
Cedar_Apple_Rust,similarTo,Leaf_Scorch
Cedar_Apple_Rust,similarTo,Bacterial_Spot
Cedar_Apple_Rust,similarTo,Early_Blight
Cedar_Apple_Rust,similarTo,Late_Blight
Cedar_Apple_Rust,similarTo,Septoria_Leaf_Spot
Cedar_Apple_Rust,similarTo,Target_Spot
Powdery_Mildew,similarTo,Common_Rust
Powdery_Mildew,similarTo,Black_Rot
Powdery_Mildew,similarTo,Bacterial_Spot
Powdery_Mildew,similarTo,Bacterial_Spot
Powdery_Mildew,similarTo,Early_Blight
Powdery_Mildew,similarTo,Late_Blight
Powdery_Mildew,similarTo,Powdery_Mildew
Powdery_Mildew,similarTo,Bacterial_Spot
Powdery_Mildew,similarTo,Early_Blight
Powdery_Mildew,similarTo,Late_Blight
Powdery_Mildew,similarTo,Septoria_Leaf_Spot
Powdery_Mildew,similarTo,Spider_Mites
Powdery_Mildew,similarTo,Tomato_Yellow_Leaf_Curl_Virus
Powdery_Mildew,similarTo,Tomato_Mosaic_Virus
Gray_Leaf_Spot,similarTo,Common_Rust
Gray_Leaf_Spot,similarTo,Leaf_Blight
Gray_Leaf_Spot,similarTo,Bacterial_Spot
Gray_Leaf_Spot,similarTo,Bacterial_Spot
Gray_Leaf_Spot,similarTo,Early_Blight
Gray_Leaf_Spot,similarTo,Late_Blight
Gray_Leaf_Spot,similarTo,Bacterial_Spot
Gray_Leaf_Spot,similarTo,Early_Blight
Gray_Leaf_Spot,similarTo,Late_Blight
Gray_Leaf_Spot,similarTo,Leaf_Mold
Gray_Leaf_Spot,similarTo,Spider_Mites
Gray_Leaf_Spot,similarTo,Target_Spot
Common_Rust,similarTo,Black_Rot
Common_Rust,similarTo,Leaf_Blight
Common_Rust,similarTo,Citrus_Greening
Common_Rust,similarTo,Bacterial_Spot
Common_Rust,similarTo,Bacterial_Spot
Common_Rust,similarTo,Late_Blight
Common_Rust,similarTo,Powdery_Mildew
Common_Rust,similarTo,Bacterial_Spot
Common_Rust,similarTo,Late_Blight
Northern_Leaf_Blight,similarTo,Esca
Northern_Leaf_Blight,similarTo,Leaf_Blight
Northern_Leaf_Blight,similarTo,Bacterial_Spot
Northern_Leaf_Blight,similarTo,Bacterial_Spot
Northern_Leaf_Blight,similarTo,Early_Blight
Northern_Leaf_Blight,similarTo,Leaf_Scorch
Northern_Leaf_Blight,similarTo,Bacterial_Spot
Northern_Leaf_Blight,similarTo,Early_Blight
Northern_Leaf_Blight,similarTo,Leaf_Mold
Northern_Leaf_Blight,similarTo,Target_Spot
Black_Rot,similarTo,Esca
Black_Rot,similarTo,Leaf_Blight
Black_Rot,similarTo,Citrus_Greening
Black_Rot,similarTo,Bacterial_Spot
Black_Rot,similarTo,Bacterial_Spot
Black_Rot,similarTo,Early_Blight
Black_Rot,similarTo,Late_Blight
Black_Rot,similarTo,Powdery_Mildew
Black_Rot,similarTo,Leaf_Scorch
Black_Rot,similarTo,Bacterial_Spot
Black_Rot,similarTo,Early_Blight
Black_Rot,similarTo,Late_Blight
Black_Rot,similarTo,Leaf_Mold
Black_Rot,similarTo,Septoria_Leaf_Spot
Black_Rot,similarTo,Spider_Mites
Black_Rot,similarTo,Target_Spot
Black_Rot,similarTo,Tomato_Yellow_Leaf_Curl_Virus
Black_Rot,similarTo,Tomato_Mosaic_Virus
Esca,similarTo,Citrus_Greening
Esca,similarTo,Bacterial_Spot
Esca,similarTo,Bacterial_Spot
Esca,similarTo,Early_Blight
Esca,similarTo,Late_Blight
Esca,similarTo,Bacterial_Spot
Esca,similarTo,Early_Blight
Esca,similarTo,Late_Blight
Esca,similarTo,Leaf_Mold
Esca,similarTo,Septoria_Leaf_Spot
Esca,similarTo,Target_Spot
Leaf_Blight,similarTo,Bacterial_Spot
Leaf_Blight,similarTo,Bacterial_Spot
Leaf_Blight,similarTo,Early_Blight
Leaf_Blight,similarTo,Late_Blight
Leaf_Blight,similarTo,Bacterial_Spot
Leaf_Blight,similarTo,Early_Blight
Leaf_Blight,similarTo,Late_Blight
Leaf_Blight,similarTo,Target_Spot
Citrus_Greening,similarTo,Bacterial_Spot
Citrus_Greening,similarTo,Bacterial_Spot
Citrus_Greening,similarTo,Early_Blight
Citrus_Greening,similarTo,Late_Blight
Citrus_Greening,similarTo,Bacterial_Spot
Citrus_Greening,similarTo,Early_Blight
Citrus_Greening,similarTo,Late_Blight
Citrus_Greening,similarTo,Septoria_Leaf_Spot
Citrus_Greening,similarTo,Target_Spot
Bacterial_Spot,similarTo,Bacterial_Spot
Bacterial_Spot,similarTo,Early_Blight
Bacterial_Spot,similarTo,Late_Blight
Bacterial_Spot,similarTo,Powdery_Mildew
Bacterial_Spot,similarTo,Leaf_Scorch
Bacterial_Spot,similarTo,Bacterial_Spot
Bacterial_Spot,similarTo,Early_Blight
Bacterial_Spot,similarTo,Late_Blight
Bacterial_Spot,similarTo,Leaf_Mold
Bacterial_Spot,similarTo,Septoria_Leaf_Spot
Bacterial_Spot,similarTo,Spider_Mites
Bacterial_Spot,similarTo,Target_Spot
Bacterial_Spot,similarTo,Tomato_Yellow_Leaf_Curl_Virus
Bacterial_Spot,similarTo,Tomato_Mosaic_Virus
Bacterial_Spot,similarTo,Early_Blight
Bacterial_Spot,similarTo,Late_Blight
Bacterial_Spot,similarTo,Powdery_Mildew
Bacterial_Spot,similarTo,Leaf_Scorch
Bacterial_Spot,similarTo,Bacterial_Spot
Bacterial_Spot,similarTo,Early_Blight
Bacterial_Spot,similarTo,Late_Blight
Bacterial_Spot,similarTo,Leaf_Mold
Bacterial_Spot,similarTo,Septoria_Leaf_Spot
Bacterial_Spot,similarTo,Spider_Mites
Bacterial_Spot,similarTo,Target_Spot
Bacterial_Spot,similarTo,Tomato_Yellow_Leaf_Curl_Virus
Bacterial_Spot,similarTo,Tomato_Mosaic_Virus
Early_Blight,similarTo,Late_Blight
Early_Blight,similarTo,Powdery_Mildew
Early_Blight,similarTo,Leaf_Scorch
Early_Blight,similarTo,Bacterial_Spot
Early_Blight,similarTo,Early_Blight
Early_Blight,similarTo,Late_Blight
Early_Blight,similarTo,Leaf_Mold
Early_Blight,similarTo,Septoria_Leaf_Spot
Early_Blight,similarTo,Spider_Mites
Early_Blight,similarTo,Target_Spot
Early_Blight,similarTo,Tomato_Yellow_Leaf_Curl_Virus
Early_Blight,similarTo,Tomato_Mosaic_Virus
Late_Blight,similarTo,Powdery_Mildew
Late_Blight,similarTo,Bacterial_Spot
Late_Blight,similarTo,Early_Blight
Late_Blight,similarTo,Late_Blight
Late_Blight,similarTo,Leaf_Mold
Late_Blight,similarTo,Septoria_Leaf_Spot
Late_Blight,similarTo,Spider_Mites
Late_Blight,similarTo,Target_Spot
Late_Blight,similarTo,Tomato_Yellow_Leaf_Curl_Virus
Late_Blight,similarTo,Tomato_Mosaic_Virus
Powdery_Mildew,similarTo,Bacterial_Spot
Powdery_Mildew,similarTo,Early_Blight
Powdery_Mildew,similarTo,Late_Blight
Powdery_Mildew,similarTo,Septoria_Leaf_Spot
Powdery_Mildew,similarTo,Spider_Mites
Powdery_Mildew,similarTo,Tomato_Yellow_Leaf_Curl_Virus
Powdery_Mildew,similarTo,Tomato_Mosaic_Virus
Leaf_Scorch,similarTo,Bacterial_Spot
Leaf_Scorch,similarTo,Early_Blight
Leaf_Scorch,similarTo,Leaf_Mold
Leaf_Scorch,similarTo,Spider_Mites
Leaf_Scorch,similarTo,Tomato_Yellow_Leaf_Curl_Virus
Bacterial_Spot,similarTo,Early_Blight
Bacterial_Spot,similarTo,Late_Blight
Bacterial_Spot,similarTo,Leaf_Mold
Bacterial_Spot,similarTo,Septoria_Leaf_Spot
Bacterial_Spot,similarTo,Spider_Mites
Bacterial_Spot,similarTo,Target_Spot
Bacterial_Spot,similarTo,Tomato_Yellow_Leaf_Curl_Virus
Bacterial_Spot,similarTo,Tomato_Mosaic_Virus
Early_Blight,similarTo,Late_Blight
Early_Blight,similarTo,Leaf_Mold
Early_Blight,similarTo,Septoria_Leaf_Spot
Early_Blight,similarTo,Spider_Mites
Early_Blight,similarTo,Target_Spot
Early_Blight,similarTo,Tomato_Yellow_Leaf_Curl_Virus
Early_Blight,similarTo,Tomato_Mosaic_Virus
Late_Blight,similarTo,Leaf_Mold
Late_Blight,similarTo,Septoria_Leaf_Spot
Late_Blight,similarTo,Spider_Mites
Late_Blight,similarTo,Target_Spot
Late_Blight,similarTo,Tomato_Yellow_Leaf_Curl_Virus
Late_Blight,similarTo,Tomato_Mosaic_Virus
Leaf_Mold,similarTo,Spider_Mites
Leaf_Mold,similarTo,Target_Spot
Leaf_Mold,similarTo,Tomato_Mosaic_Virus
Spider_Mites,similarTo,Target_Spot
Spider_Mites,similarTo,Tomato_Yellow_Leaf_Curl_Virus
Spider_Mites,similarTo,Tomato_Mosaic_Virus
Tomato_Yellow_Leaf_Curl_Virus,similarTo,Tomato_Mosaic_Virus
Fungicide,applicableTo,Powdery_Mildew
Fungicide,applicableTo,Black_Rot
Fungicide,applicableTo,Tomato_Mosaic_Virus
Fungicide,applicableTo,Early_Blight
Copper_Spray,applicableTo,Northern_Leaf_Blight
Copper_Spray,applicableTo,Powdery_Mildew
Copper_Spray,applicableTo,Septoria_Leaf_Spot
Copper_Spray,applicableTo,Early_Blight
Crop_Rotation,applicableTo,Bacterial_Spot
Crop_Rotation,applicableTo,Early_Blight
Crop_Rotation,applicableTo,Late_Blight
Crop_Rotation,applicableTo,Target_Spot
Resistant_Variety,applicableTo,Black_Rot
Resistant_Variety,applicableTo,Septoria_Leaf_Spot
Resistant_Variety,applicableTo,Leaf_Mold
Resistant_Variety,applicableTo,Powdery_Mildew
Remove_Infected_Plants,applicableTo,Black_Rot
Remove_Infected_Plants,applicableTo,Bacterial_Spot
Remove_Infected_Plants,applicableTo,Target_Spot
Remove_Infected_Plants,applicableTo,Citrus_Greening
Proper_Irrigation,applicableTo,Tomato_Mosaic_Virus
Proper_Irrigation,applicableTo,Powdery_Mildew
Proper_Irrigation,applicableTo,Black_Rot
Proper_Irrigation,applicableTo,Northern_Leaf_Blight
Soil_Solarization,applicableTo,Northern_Leaf_Blight
Soil_Solarization,applicableTo,Bacterial_Spot
Soil_Solarization,applicableTo,Late_Blight
Soil_Solarization,applicableTo,Gray_Leaf_Spot
Biological_Control,applicableTo,Early_Blight
Biological_Control,applicableTo,Common_Rust
Biological_Control,applicableTo,Esca
Biological_Control,applicableTo,Late_Blight
Pruning,applicableTo,Black_Rot
Pruning,applicableTo,Cedar_Apple_Rust
Pruning,applicableTo,Late_Blight
Pruning,applicableTo,Tomato_Mosaic_Virus
Sanitation,applicableTo,Bacterial_Spot
Sanitation,applicableTo,Powdery_Mildew
Sanitation,applicableTo,Black_Rot
Sanitation,applicableTo,Leaf_Mold
Apple,showsSymptom,Stunted_Growth
Apple,showsSymptom,Yellowing_Leaves
Apple,showsSymptom,Brown_Leaf_Spots
Apple,showsSymptom,Dark_Margins
Apple,showsSymptom,Vein_Yellowing
Apple,showsSymptom,Leaf_Scorch
Apple,showsSymptom,White_Powdery_Growth
Apple,showsSymptom,Leaf_Wilting
Apple,showsSymptom,Mosaic_Patterns
Cherry,showsSymptom,Vein_Yellowing
Cherry,showsSymptom,Stunted_Growth
Cherry,showsSymptom,Leaf_Scorch
Cherry,showsSymptom,Curling_Leaves
Cherry,showsSymptom,Mosaic_Patterns
Corn,showsSymptom,Brown_Leaf_Spots
Corn,showsSymptom,Water_Soaked_Lesions
Corn,showsSymptom,Curling_Leaves
Corn,showsSymptom,White_Powdery_Growth
Corn,showsSymptom,Yellowing_Leaves
Corn,showsSymptom,Stunted_Growth
Corn,showsSymptom,Mosaic_Patterns
Corn,showsSymptom,Dark_Margins
Corn,showsSymptom,Necrotic_Tissue
Grape,showsSymptom,Vein_Yellowing
Grape,showsSymptom,Yellowing_Leaves
Grape,showsSymptom,Leaf_Scorch
Grape,showsSymptom,Stunted_Growth
Grape,showsSymptom,Dark_Margins
Grape,showsSymptom,White_Powdery_Growth
Grape,showsSymptom,Brown_Leaf_Spots
Grape,showsSymptom,Leaf_Wilting
Grape,showsSymptom,Curling_Leaves
Grape,showsSymptom,Necrotic_Tissue
Orange,showsSymptom,Leaf_Wilting
Orange,showsSymptom,Stunted_Growth
Orange,showsSymptom,Dark_Margins
Orange,showsSymptom,Yellowing_Leaves
Peach,showsSymptom,Water_Soaked_Lesions
Peach,showsSymptom,Necrotic_Tissue
Peach,showsSymptom,Curling_Leaves
Peach,showsSymptom,Dark_Margins
Peach,showsSymptom,Brown_Leaf_Spots
Peach,showsSymptom,Leaf_Wilting
Peach,showsSymptom,Vein_Yellowing
Peach,showsSymptom,White_Powdery_Growth
Peach,showsSymptom,Stunted_Growth
Peach,showsSymptom,Mosaic_Patterns
Peach,showsSymptom,Yellowing_Leaves
Pepper,showsSymptom,Water_Soaked_Lesions
Pepper,showsSymptom,Necrotic_Tissue
Pepper,showsSymptom,Curling_Leaves
Pepper,showsSymptom,Dark_Margins
Pepper,showsSymptom,Brown_Leaf_Spots
Pepper,showsSymptom,Leaf_Wilting
Pepper,showsSymptom,Vein_Yellowing
Pepper,showsSymptom,White_Powdery_Growth
Pepper,showsSymptom,Stunted_Growth
Pepper,showsSymptom,Mosaic_Patterns
Pepper,showsSymptom,Yellowing_Leaves
Potato,showsSymptom,Leaf_Wilting
Potato,showsSymptom,Mosaic_Patterns
Potato,showsSymptom,White_Powdery_Growth
Potato,showsSymptom,Vein_Yellowing
Potato,showsSymptom,Leaf_Scorch
Potato,showsSymptom,Dark_Margins
Potato,showsSymptom,Brown_Leaf_Spots
Potato,showsSymptom,Water_Soaked_Lesions
Potato,showsSymptom,Stunted_Growth
Potato,showsSymptom,Yellowing_Leaves
Squash,showsSymptom,Vein_Yellowing
Squash,showsSymptom,Stunted_Growth
Squash,showsSymptom,Leaf_Scorch
Squash,showsSymptom,Curling_Leaves
Squash,showsSymptom,Mosaic_Patterns
Strawberry,showsSymptom,Leaf_Scorch
Strawberry,showsSymptom,Necrotic_Tissue
Strawberry,showsSymptom,Yellowing_Leaves
Strawberry,showsSymptom,Brown_Leaf_Spots
Tomato,showsSymptom,Water_Soaked_Lesions
Tomato,showsSymptom,Necrotic_Tissue
Tomato,showsSymptom,Curling_Leaves
Tomato,showsSymptom,Dark_Margins
Tomato,showsSymptom,Brown_Leaf_Spots
Tomato,showsSymptom,Leaf_Wilting
Tomato,showsSymptom,Vein_Yellowing
Tomato,showsSymptom,White_Powdery_Growth
Tomato,showsSymptom,Stunted_Growth
Tomato,showsSymptom,Mosaic_Patterns
Tomato,showsSymptom,Yellowing_Leaves
Tomato,showsSymptom,Leaf_Scorch
Esca,treatedBy,Bacterial_Spot
Leaf_Scorch,coOccursWith,Crop_Rotation
Mosaic_Patterns,affectsPart,Sanitation
Pruning,applicableTo,Tomato
Crop_Rotation,applicableTo,Cherry
Peach,showsSymptom,Powdery_Mildew
Powdery_Mildew,affectsPart,Yellowing_Leaves
Biological_Control,affectsPart,Grape
Leaf,showsSymptom,Pruning
Tomato,treatedBy,Water_Soaked_Lesions
Gray_Leaf_Spot,treatedBy,Tomato
Squash,affectsPart,Apple_Scab
Corn,hasDisease,Tomato
Apple_Scab,hasSymptom,Late_Blight
Vein_Yellowing,hasSymptom,Stunted_Growth
Brown_Leaf_Spots,applicableTo,Citrus_Greening
Black_Rot,coOccursWith,Squash
Cedar_Apple_Rust,treatedBy,Curling_Leaves
Bacterial_Spot,applicableTo,Orange
Squash,similarTo,Leaf_Mold
Pruning,similarTo,Brown_Leaf_Spots
Leaf_Mold,applicableTo,Dark_Margins
Orange,showsSymptom,Northern_Leaf_Blight
Gray_Leaf_Spot,hasSymptom,Cherry
Northern_Leaf_Blight,hasSymptom,Vein_Yellowing
Esca,coOccursWith,Apple_Scab
Leaf_Mold,hasDisease,Potato
Vein_Yellowing,coOccursWith,Soil_Solarization
Yellowing_Leaves,hasDisease,Septoria_Leaf_Spot
Esca,showsSymptom,Curling_Leaves
Copper_Spray,treatedBy,Orange
Fungicide,showsSymptom,Orange
Target_Spot,hasDisease,Leaf_Mold
Citrus_Greening,hasSymptom,Water_Soaked_Lesions
Spider_Mites,hasDisease,Leaf_Blight
Yellowing_Leaves,coOccursWith,Resistant_Variety
Proper_Irrigation,coOccursWith,Stunted_Growth
Early_Blight,showsSymptom,Apple_Scab
Pepper,showsSymptom,Tomato
Bacterial_Spot,applicableTo,Leaf_Blight
Strawberry,treatedBy,Proper_Irrigation
White_Powdery_Growth,hasDisease,Early_Blight
Leaf_Mold,hasDisease,Water_Soaked_Lesions
Septoria_Leaf_Spot,applicableTo,Spider_Mites
Cherry,hasSymptom,Vein_Yellowing
Apple,hasDisease,Esca
Strawberry,similarTo,Squash
Spider_Mites,hasDisease,Biological_Control
Dark_Margins,treatedBy,Tomato_Mosaic_Virus
Soil_Solarization,treatedBy,Potato
Pruning,coOccursWith,Orange
Target_Spot,similarTo,White_Powdery_Growth
Spider_Mites,applicableTo,Curling_Leaves
Water_Soaked_Lesions,hasDisease,Brown_Leaf_Spots
Crop_Rotation,hasDisease,Mosaic_Patterns
Tomato_Yellow_Leaf_Curl_Virus,hasDisease,Water_Soaked_Lesions
Proper_Irrigation,applicableTo,Copper_Spray
Orange,coOccursWith,Leaf_Blight
Crop_Rotation,hasSymptom,Peach
Strawberry,affectsPart,Remove_Infected_Plants
Leaf,affectsPart,Potato
Tomato_Mosaic_Virus,coOccursWith,Remove_Infected_Plants
Tomato_Yellow_Leaf_Curl_Virus,coOccursWith,Common_Rust
Proper_Irrigation,showsSymptom,Vein_Yellowing
White_Powdery_Growth,showsSymptom,Potato
Necrotic_Tissue,applicableTo,Stunted_Growth
Esca,similarTo,Tomato_Yellow_Leaf_Curl_Virus
Citrus_Greening,showsSymptom,Late_Blight
Squash,showsSymptom,Strawberry
Target_Spot,applicableTo,Potato
Leaf_Wilting,similarTo,Biological_Control
Cedar_Apple_Rust,hasSymptom,Peach
Black_Rot,coOccursWith,Leaf_Mold
Strawberry,applicableTo,Cherry
Corn,coOccursWith,Soil_Solarization
Biological_Control,hasSymptom,Orange
Proper_Irrigation,similarTo,Orange
Citrus_Greening,showsSymptom,Apple_Scab
Tomato_Mosaic_Virus,applicableTo,Gray_Leaf_Spot
Common_Rust,showsSymptom,Spider_Mites
Orange,applicableTo,Stunted_Growth
Water_Soaked_Lesions,hasDisease,Curling_Leaves
Black_Rot,showsSymptom,Common_Rust
Spider_Mites,treatedBy,Tomato_Mosaic_Virus
Yellowing_Leaves,coOccursWith,Biological_Control
Powdery_Mildew,similarTo,Northern_Leaf_Blight
Septoria_Leaf_Spot,affectsPart,Stunted_Growth
Pruning,affectsPart,Powdery_Mildew
Powdery_Mildew,hasDisease,Orange
Bacterial_Spot,showsSymptom,Apple_Scab
Orange,similarTo,Bacterial_Spot
Fungicide,coOccursWith,Stunted_Growth
Tomato_Mosaic_Virus,coOccursWith,Copper_Spray
Leaf,hasDisease,Tomato_Yellow_Leaf_Curl_Virus
Strawberry,coOccursWith,Sanitation
Curling_Leaves,hasSymptom,Northern_Leaf_Blight
Mosaic_Patterns,coOccursWith,Resistant_Variety
Apple,applicableTo,Pepper
Common_Rust,coOccursWith,Grape
Necrotic_Tissue,treatedBy,Leaf_Scorch
White_Powdery_Growth,hasSymptom,White_Powdery_Growth
Biological_Control,coOccursWith,Late_Blight
Copper_Spray,affectsPart,Tomato
Spider_Mites,coOccursWith,Citrus_Greening
Northern_Leaf_Blight,hasDisease,Copper_Spray
Septoria_Leaf_Spot,applicableTo,Spider_Mites
Septoria_Leaf_Spot,hasDisease,Water_Soaked_Lesions
Sanitation,affectsPart,Leaf_Mold
Leaf_Scorch,coOccursWith,Early_Blight
Leaf_Blight,affectsPart,Early_Blight
Brown_Leaf_Spots,showsSymptom,Septoria_Leaf_Spot
Vein_Yellowing,showsSymptom,Brown_Leaf_Spots
Leaf_Blight,similarTo,Gray_Leaf_Spot
Grape,coOccursWith,Peach
Apple,hasDisease,Resistant_Variety
Pruning,hasSymptom,Mosaic_Patterns
Mosaic_Patterns,similarTo,Esca
Northern_Leaf_Blight,applicableTo,Tomato
Pruning,applicableTo,Peach
White_Powdery_Growth,treatedBy,Leaf_Scorch
Black_Rot,applicableTo,Sanitation
Cherry,similarTo,Tomato_Mosaic_Virus
Leaf_Scorch,applicableTo,Mosaic_Patterns
Esca,coOccursWith,Pepper
Remove_Infected_Plants,showsSymptom,Biological_Control
Pepper,treatedBy,Peach
Proper_Irrigation,applicableTo,Leaf_Wilting
Crop_Rotation,affectsPart,Dark_Margins
Curling_Leaves,treatedBy,Common_Rust
Squash,treatedBy,Bacterial_Spot
Necrotic_Tissue,applicableTo,Dark_Margins
Northern_Leaf_Blight,hasDisease,Tomato
Leaf_Mold,applicableTo,Gray_Leaf_Spot
Pruning,affectsPart,Gray_Leaf_Spot
Proper_Irrigation,applicableTo,Leaf_Blight
Leaf_Scorch,applicableTo,Leaf_Mold
Bacterial_Spot,affectsPart,Tomato_Yellow_Leaf_Curl_Virus
Water_Soaked_Lesions,treatedBy,Potato
Remove_Infected_Plants,hasSymptom,White_Powdery_Growth
Necrotic_Tissue,treatedBy,Leaf_Scorch
Tomato_Yellow_Leaf_Curl_Virus,coOccursWith,Leaf
Tomato_Yellow_Leaf_Curl_Virus,hasDisease,Brown_Leaf_Spots
Dark_Margins,affectsPart,Orange
Citrus_Greening,coOccursWith,Northern_Leaf_Blight
Soil_Solarization,hasDisease,Cedar_Apple_Rust
Cedar_Apple_Rust,hasSymptom,White_Powdery_Growth
Fungicide,hasDisease,Tomato_Mosaic_Virus
Target_Spot,treatedBy,Tomato_Mosaic_Virus
Black_Rot,applicableTo,Common_Rust
Resistant_Variety,coOccursWith,Vein_Yellowing
Squash,coOccursWith,Target_Spot
Cedar_Apple_Rust,hasSymptom,Powdery_Mildew
Black_Rot,treatedBy,Potato
Esca,applicableTo,Orange
Soil_Solarization,hasSymptom,Apple_Scab
Necrotic_Tissue,similarTo,Cherry
Mosaic_Patterns,affectsPart,Target_Spot
Biological_Control,similarTo,Early_Blight
Northern_Leaf_Blight,hasDisease,Biological_Control
Late_Blight,showsSymptom,Curling_Leaves
Copper_Spray,affectsPart,Northern_Leaf_Blight
Biological_Control,showsSymptom,Gray_Leaf_Spot
Brown_Leaf_Spots,hasSymptom,Leaf_Blight
Septoria_Leaf_Spot,coOccursWith,Leaf_Scorch
Northern_Leaf_Blight,applicableTo,Proper_Irrigation
Tomato_Yellow_Leaf_Curl_Virus,affectsPart,Gray_Leaf_Spot
Late_Blight,affectsPart,Pruning
Potato,showsSymptom,Proper_Irrigation
Leaf_Blight,showsSymptom,Spider_Mites
Cherry,coOccursWith,Bacterial_Spot
Brown_Leaf_Spots,applicableTo,Pepper
Spider_Mites,coOccursWith,Apple
Sanitation,affectsPart,Septoria_Leaf_Spot
Powdery_Mildew,treatedBy,Bacterial_Spot
Yellowing_Leaves,coOccursWith,Common_Rust
Apple,coOccursWith,Tomato_Mosaic_Virus
Orange,similarTo,Sanitation
Spider_Mites,similarTo,Biological_Control
Water_Soaked_Lesions,similarTo,Potato
Apple,affectsPart,Leaf_Blight
Tomato_Mosaic_Virus,showsSymptom,Remove_Infected_Plants
Citrus_Greening,coOccursWith,Gray_Leaf_Spot
Citrus_Greening,hasDisease,Leaf
Pruning,affectsPart,Leaf_Blight
Leaf_Wilting,showsSymptom,Target_Spot
Leaf,showsSymptom,Remove_Infected_Plants
Soil_Solarization,hasDisease,Tomato_Mosaic_Virus
Cherry,hasDisease,Leaf_Blight
Strawberry,treatedBy,Spider_Mites
Yellowing_Leaves,hasDisease,Early_Blight
Leaf_Scorch,affectsPart,Target_Spot
Cherry,showsSymptom,Sanitation
Sanitation,affectsPart,Proper_Irrigation
Late_Blight,treatedBy,Leaf_Mold
Sanitation,hasSymptom,Fungicide
Vein_Yellowing,applicableTo,Pepper
Vein_Yellowing,treatedBy,Grape
Grape,showsSymptom,Bacterial_Spot
Brown_Leaf_Spots,hasSymptom,Spider_Mites
Leaf_Scorch,applicableTo,Cedar_Apple_Rust
Cedar_Apple_Rust,coOccursWith,White_Powdery_Growth
Corn,applicableTo,Septoria_Leaf_Spot
Septoria_Leaf_Spot,showsSymptom,Squash
Biological_Control,showsSymptom,Black_Rot
Curling_Leaves,treatedBy,Curling_Leaves
Water_Soaked_Lesions,hasSymptom,Leaf_Scorch
Pruning,coOccursWith,Leaf_Mold
Orange,hasSymptom,Crop_Rotation
Brown_Leaf_Spots,hasDisease,Spider_Mites
Vein_Yellowing,hasDisease,Cherry
Mosaic_Patterns,affectsPart,Apple
Cedar_Apple_Rust,affectsPart,Yellowing_Leaves
Strawberry,coOccursWith,Yellowing_Leaves
Resistant_Variety,showsSymptom,Apple
Northern_Leaf_Blight,hasSymptom,Stunted_Growth
Remove_Infected_Plants,showsSymptom,Powdery_Mildew
Powdery_Mildew,coOccursWith,Biological_Control
Citrus_Greening,coOccursWith,Necrotic_Tissue
Grape,showsSymptom,Fungicide
Grape,hasSymptom,Tomato
Crop_Rotation,showsSymptom,Cedar_Apple_Rust
Water_Soaked_Lesions,showsSymptom,Septoria_Leaf_Spot
Citrus_Greening,affectsPart,Apple
Tomato_Mosaic_Virus,applicableTo,Leaf_Blight
Apple_Scab,affectsPart,Septoria_Leaf_Spot
Water_Soaked_Lesions,similarTo,Cedar_Apple_Rust
Leaf_Mold,treatedBy,Bacterial_Spot
Remove_Infected_Plants,treatedBy,Leaf_Scorch
Stunted_Growth,showsSymptom,Black_Rot
Strawberry,hasDisease,Sanitation
Corn,affectsPart,Leaf_Blight
Late_Blight,applicableTo,Early_Blight
Fungicide,affectsPart,Bacterial_Spot
Sanitation,similarTo,Mosaic_Patterns
Proper_Irrigation,similarTo,Orange
Target_Spot,hasDisease,Proper_Irrigation
Mosaic_Patterns,affectsPart,Yellowing_Leaves
Orange,applicableTo,Fungicide
Leaf_Scorch,treatedBy,Northern_Leaf_Blight
Common_Rust,treatedBy,Orange
Esca,affectsPart,Mosaic_Patterns
Tomato,coOccursWith,Corn
Soil_Solarization,affectsPart,Early_Blight
Septoria_Leaf_Spot,treatedBy,Pruning
Leaf_Blight,hasDisease,Yellowing_Leaves
Septoria_Leaf_Spot,affectsPart,Citrus_Greening
Tomato_Yellow_Leaf_Curl_Virus,coOccursWith,Resistant_Variety
Crop_Rotation,showsSymptom,Spider_Mites
Cherry,applicableTo,Bacterial_Spot
Remove_Infected_Plants,hasSymptom,Northern_Leaf_Blight
Citrus_Greening,hasDisease,Pepper
Resistant_Variety,showsSymptom,Apple_Scab
Resistant_Variety,showsSymptom,Mosaic_Patterns
Sanitation,affectsPart,Brown_Leaf_Spots
Northern_Leaf_Blight,hasDisease,Peach
Leaf,hasDisease,Vein_Yellowing
Leaf_Blight,applicableTo,Proper_Irrigation
Powdery_Mildew,showsSymptom,Fungicide
Cherry,showsSymptom,Leaf_Wilting
Tomato_Mosaic_Virus,affectsPart,Grape
Septoria_Leaf_Spot,affectsPart,Potato
Gray_Leaf_Spot,coOccursWith,Apple
Brown_Leaf_Spots,applicableTo,Remove_Infected_Plants
White_Powdery_Growth,applicableTo,Strawberry
Gray_Leaf_Spot,affectsPart,Resistant_Variety
Copper_Spray,applicableTo,Peach
Orange,hasDisease,Pepper
Strawberry,hasDisease,Apple_Scab
Squash,similarTo,Target_Spot
Septoria_Leaf_Spot,hasSymptom,Corn
Northern_Leaf_Blight,treatedBy,Leaf_Wilting
Grape,applicableTo,Necrotic_Tissue
Grape,hasSymptom,Sanitation
Powdery_Mildew,showsSymptom,Proper_Irrigation
Curling_Leaves,applicableTo,Necrotic_Tissue
Bacterial_Spot,similarTo,Stunted_Growth
Esca,applicableTo,Gray_Leaf_Spot
Early_Blight,affectsPart,Esca
Strawberry,hasSymptom,Brown_Leaf_Spots
Early_Blight,showsSymptom,Remove_Infected_Plants
Water_Soaked_Lesions,hasSymptom,Biological_Control
Target_Spot,hasSymptom,Septoria_Leaf_Spot
Crop_Rotation,showsSymptom,Tomato_Yellow_Leaf_Curl_Virus
Strawberry,similarTo,Powdery_Mildew
Tomato,showsSymptom,Potato
Soil_Solarization,applicableTo,Grape
Brown_Leaf_Spots,applicableTo,Black_Rot
Stunted_Growth,hasDisease,Crop_Rotation
Late_Blight,hasSymptom,Curling_Leaves
Peach,coOccursWith,Pepper
Squash,hasDisease,Remove_Infected_Plants
Northern_Leaf_Blight,showsSymptom,Northern_Leaf_Blight
Northern_Leaf_Blight,showsSymptom,Stunted_Growth
Esca,hasDisease,Vein_Yellowing
Septoria_Leaf_Spot,similarTo,Squash
Tomato_Mosaic_Virus,applicableTo,Apple
Leaf_Mold,affectsPart,Tomato_Mosaic_Virus
Leaf,applicableTo,Sanitation
Target_Spot,coOccursWith,Peach
Yellowing_Leaves,showsSymptom,Tomato_Yellow_Leaf_Curl_Virus
Orange,applicableTo,Leaf_Blight
Cherry,treatedBy,Cedar_Apple_Rust
Water_Soaked_Lesions,affectsPart,Yellowing_Leaves
White_Powdery_Growth,coOccursWith,Cedar_Apple_Rust
Copper_Spray,similarTo,Remove_Infected_Plants
Early_Blight,coOccursWith,Curling_Leaves
Leaf_Mold,hasDisease,Early_Blight
Target_Spot,treatedBy,Tomato_Mosaic_Virus
Powdery_Mildew,affectsPart,Strawberry
Squash,similarTo,Leaf_Wilting
Dark_Margins,hasSymptom,Yellowing_Leaves
Gray_Leaf_Spot,applicableTo,Late_Blight
Leaf,hasDisease,Powdery_Mildew
Esca,similarTo,Corn
Apple_Scab,showsSymptom,Crop_Rotation
Leaf_Mold,affectsPart,Copper_Spray
Yellowing_Leaves,similarTo,Copper_Spray
Citrus_Greening,affectsPart,Vein_Yellowing
Grape,coOccursWith,Stunted_Growth
Leaf_Wilting,applicableTo,Copper_Spray
Spider_Mites,similarTo,Bacterial_Spot
Powdery_Mildew,applicableTo,Cherry
Leaf_Mold,hasSymptom,Northern_Leaf_Blight
Soil_Solarization,showsSymptom,Squash
Peach,similarTo,Target_Spot
Stunted_Growth,coOccursWith,Sanitation
Tomato_Yellow_Leaf_Curl_Virus,similarTo,Curling_Leaves
Remove_Infected_Plants,hasSymptom,Early_Blight
Fungicide,affectsPart,Apple
Tomato_Mosaic_Virus,applicableTo,Citrus_Greening
Dark_Margins,treatedBy,Strawberry
Tomato_Mosaic_Virus,affectsPart,Citrus_Greening
Target_Spot,coOccursWith,Esca
Dark_Margins,applicableTo,Northern_Leaf_Blight
Soil_Solarization,applicableTo,Squash
Water_Soaked_Lesions,hasDisease,Mosaic_Patterns
Necrotic_Tissue,hasSymptom,Pepper
Curling_Leaves,applicableTo,Leaf_Blight
Strawberry,similarTo,Pruning
Septoria_Leaf_Spot,affectsPart,Brown_Leaf_Spots
Soil_Solarization,hasSymptom,Stunted_Growth
Soil_Solarization,similarTo,Tomato
Common_Rust,showsSymptom,Leaf
Citrus_Greening,affectsPart,Bacterial_Spot
Orange,coOccursWith,Necrotic_Tissue
Early_Blight,treatedBy,Tomato
Powdery_Mildew,similarTo,Brown_Leaf_Spots
Dark_Margins,coOccursWith,Vein_Yellowing
Leaf_Scorch,coOccursWith,Squash
Pruning,coOccursWith,Proper_Irrigation
White_Powdery_Growth,hasDisease,Powdery_Mildew
Cedar_Apple_Rust,treatedBy,Leaf_Blight
Leaf_Mold,hasDisease,Citrus_Greening
Orange,treatedBy,Dark_Margins
Cherry,similarTo,Powdery_Mildew
Powdery_Mildew,coOccursWith,Squash
Gray_Leaf_Spot,treatedBy,Late_Blight
Leaf_Mold,treatedBy,Dark_Margins
Water_Soaked_Lesions,applicableTo,Corn
Citrus_Greening,hasSymptom,Sanitation
Septoria_Leaf_Spot,similarTo,Apple_Scab
Squash,hasSymptom,Septoria_Leaf_Spot
Apple_Scab,coOccursWith,Curling_Leaves
Strawberry,showsSymptom,Northern_Leaf_Blight
Necrotic_Tissue,treatedBy,Tomato
Sanitation,applicableTo,Biological_Control
Stunted_Growth,hasSymptom,Pepper
Resistant_Variety,affectsPart,Vein_Yellowing
Bacterial_Spot,similarTo,Cedar_Apple_Rust
Grape,hasSymptom,Dark_Margins
Leaf_Blight,similarTo,Peach
Cedar_Apple_Rust,showsSymptom,Northern_Leaf_Blight
Apple_Scab,applicableTo,Target_Spot
Powdery_Mildew,hasSymptom,Necrotic_Tissue
Necrotic_Tissue,coOccursWith,Biological_Control
Septoria_Leaf_Spot,coOccursWith,Mosaic_Patterns
Proper_Irrigation,affectsPart,Common_Rust
Mosaic_Patterns,hasSymptom,Gray_Leaf_Spot
Biological_Control,similarTo,Orange
Leaf_Mold,similarTo,Grape
Stunted_Growth,affectsPart,Vein_Yellowing
Bacterial_Spot,hasSymptom,Bacterial_Spot
Biological_Control,hasSymptom,Water_Soaked_Lesions
Water_Soaked_Lesions,similarTo,Copper_Spray
Dark_Margins,treatedBy,Squash
Spider_Mites,similarTo,Orange
Citrus_Greening,applicableTo,Potato
Orange,applicableTo,Leaf_Wilting
Tomato,showsSymptom,Cedar_Apple_Rust
Tomato_Mosaic_Virus,similarTo,Target_Spot
Black_Rot,coOccursWith,Grape
Orange,affectsPart,Remove_Infected_Plants
Target_Spot,similarTo,Spider_Mites
Soil_Solarization,hasSymptom,Leaf_Scorch
Leaf_Blight,coOccursWith,Copper_Spray
Biological_Control,treatedBy,Cedar_Apple_Rust
Orange,showsSymptom,Tomato_Yellow_Leaf_Curl_Virus
Late_Blight,showsSymptom,Apple
Leaf_Scorch,showsSymptom,Proper_Irrigation
Potato,treatedBy,Late_Blight
Grape,applicableTo,Vein_Yellowing
Grape,treatedBy,Bacterial_Spot
Water_Soaked_Lesions,coOccursWith,Peach
Mosaic_Patterns,affectsPart,Proper_Irrigation
Crop_Rotation,similarTo,Tomato_Mosaic_Virus
Leaf_Wilting,similarTo,White_Powdery_Growth
Black_Rot,hasSymptom,Tomato
Grape,hasDisease,Leaf_Scorch
Curling_Leaves,treatedBy,Stunted_Growth
Bacterial_Spot,showsSymptom,Septoria_Leaf_Spot
Orange,applicableTo,Pepper
Cedar_Apple_Rust,affectsPart,Mosaic_Patterns
Leaf_Blight,coOccursWith,Leaf_Scorch
Apple_Scab,hasSymptom,Potato
Biological_Control,hasSymptom,Yellowing_Leaves
Stunted_Growth,affectsPart,Corn
Orange,showsSymptom,Strawberry
Remove_Infected_Plants,applicableTo,Cedar_Apple_Rust
Tomato,treatedBy,Pruning
Tomato_Mosaic_Virus,coOccursWith,White_Powdery_Growth
Dark_Margins,showsSymptom,Yellowing_Leaves
Gray_Leaf_Spot,hasSymptom,Cherry
Pepper,applicableTo,Late_Blight
Dark_Margins,applicableTo,Esca
Resistant_Variety,coOccursWith,Apple_Scab
Spider_Mites,similarTo,Vein_Yellowing
Common_Rust,treatedBy,Biological_Control
Tomato_Yellow_Leaf_Curl_Virus,affectsPart,Vein_Yellowing
Gray_Leaf_Spot,applicableTo,Black_Rot
Common_Rust,applicableTo,Yellowing_Leaves
Citrus_Greening,applicableTo,Tomato_Yellow_Leaf_Curl_Virus
Gray_Leaf_Spot,hasDisease,Copper_Spray
Curling_Leaves,affectsPart,Apple
Soil_Solarization,hasSymptom,Biological_Control
Target_Spot,coOccursWith,Biological_Control
Squash,applicableTo,Corn
Bacterial_Spot,applicableTo,Tomato_Mosaic_Virus
Water_Soaked_Lesions,similarTo,Remove_Infected_Plants
Proper_Irrigation,hasDisease,Vein_Yellowing
Apple_Scab,hasSymptom,Corn
Apple_Scab,coOccursWith,White_Powdery_Growth
Potato,similarTo,Leaf_Wilting
Fungicide,hasDisease,Brown_Leaf_Spots
Target_Spot,hasDisease,Leaf_Mold
Leaf,hasDisease,Cedar_Apple_Rust
Grape,hasSymptom,Late_Blight
White_Powdery_Growth,affectsPart,Northern_Leaf_Blight
Leaf_Scorch,affectsPart,Stunted_Growth
Gray_Leaf_Spot,hasDisease,Septoria_Leaf_Spot
Vein_Yellowing,affectsPart,Septoria_Leaf_Spot
Early_Blight,showsSymptom,Powdery_Mildew
Leaf_Blight,treatedBy,Potato
Apple_Scab,hasSymptom,Tomato_Mosaic_Virus
Northern_Leaf_Blight,affectsPart,Strawberry
Tomato,similarTo,Yellowing_Leaves
Vein_Yellowing,hasSymptom,Curling_Leaves
Cedar_Apple_Rust,applicableTo,Northern_Leaf_Blight
Squash,treatedBy,Septoria_Leaf_Spot
Copper_Spray,coOccursWith,Gray_Leaf_Spot
Cedar_Apple_Rust,affectsPart,Apple_Scab
Grape,treatedBy,Septoria_Leaf_Spot
Target_Spot,similarTo,Resistant_Variety
Bacterial_Spot,hasDisease,Strawberry
Brown_Leaf_Spots,affectsPart,Septoria_Leaf_Spot
Corn,hasDisease,Soil_Solarization
Soil_Solarization,showsSymptom,Peach
Mosaic_Patterns,similarTo,Stunted_Growth
Cedar_Apple_Rust,treatedBy,Powdery_Mildew
Early_Blight,similarTo,Vein_Yellowing
Proper_Irrigation,hasSymptom,Spider_Mites
Stunted_Growth,applicableTo,Yellowing_Leaves
Leaf_Mold,hasDisease,Proper_Irrigation
Bacterial_Spot,hasDisease,Potato
Tomato_Mosaic_Virus,applicableTo,Dark_Margins
Cedar_Apple_Rust,hasSymptom,Tomato_Mosaic_Virus
Spider_Mites,applicableTo,Necrotic_Tissue
Powdery_Mildew,similarTo,Fungicide
Dark_Margins,hasSymptom,Necrotic_Tissue
Orange,applicableTo,Apple_Scab
Soil_Solarization,treatedBy,Soil_Solarization
Tomato_Mosaic_Virus,hasDisease,Pruning
Proper_Irrigation,affectsPart,Leaf
Remove_Infected_Plants,hasDisease,Grape
Vein_Yellowing,showsSymptom,Powdery_Mildew
Target_Spot,treatedBy,Orange
Proper_Irrigation,hasDisease,Cedar_Apple_Rust
Peach,hasDisease,Crop_Rotation
Late_Blight,hasDisease,Leaf_Wilting
Septoria_Leaf_Spot,treatedBy,Mosaic_Patterns
Soil_Solarization,coOccursWith,Septoria_Leaf_Spot
Curling_Leaves,showsSymptom,Leaf_Scorch
Water_Soaked_Lesions,affectsPart,Remove_Infected_Plants
Esca,coOccursWith,Tomato_Mosaic_Virus
Copper_Spray,affectsPart,Leaf
Soil_Solarization,affectsPart,Northern_Leaf_Blight
White_Powdery_Growth,showsSymptom,White_Powdery_Growth
Peach,applicableTo,Crop_Rotation
Fungicide,coOccursWith,Copper_Spray
Cedar_Apple_Rust,hasDisease,Leaf_Mold
Tomato,affectsPart,Soil_Solarization
Spider_Mites,hasSymptom,Resistant_Variety
Corn,hasSymptom,Yellowing_Leaves
Bacterial_Spot,hasDisease,Leaf_Blight
Septoria_Leaf_Spot,hasDisease,Biological_Control
Bacterial_Spot,coOccursWith,Fungicide
Septoria_Leaf_Spot,similarTo,Tomato_Yellow_Leaf_Curl_Virus
Mosaic_Patterns,treatedBy,Common_Rust
Apple_Scab,similarTo,Brown_Leaf_Spots
Peach,hasSymptom,Soil_Solarization
Remove_Infected_Plants,treatedBy,Gray_Leaf_Spot
Target_Spot,similarTo,Powdery_Mildew
Grape,hasDisease,Strawberry
Yellowing_Leaves,affectsPart,Apple
Dark_Margins,affectsPart,Septoria_Leaf_Spot
Curling_Leaves,treatedBy,Bacterial_Spot
Tomato_Yellow_Leaf_Curl_Virus,showsSymptom,Pruning
Grape,applicableTo,Citrus_Greening
White_Powdery_Growth,showsSymptom,Brown_Leaf_Spots
Tomato_Mosaic_Virus,hasSymptom,Tomato
Brown_Leaf_Spots,applicableTo,Early_Blight
Powdery_Mildew,affectsPart,Vein_Yellowing
Citrus_Greening,affectsPart,Cedar_Apple_Rust
Esca,treatedBy,Early_Blight
Apple_Scab,coOccursWith,Resistant_Variety
Grape,showsSymptom,Biological_Control
Cherry,similarTo,Brown_Leaf_Spots
Black_Rot,applicableTo,Late_Blight
Orange,hasSymptom,Corn
Soil_Solarization,hasSymptom,Corn
Esca,treatedBy,Peach
Sanitation,treatedBy,Early_Blight
Peach,similarTo,Leaf_Mold
Water_Soaked_Lesions,treatedBy,Potato
Powdery_Mildew,hasSymptom,Potato
Brown_Leaf_Spots,hasSymptom,White_Powdery_Growth
Squash,similarTo,Dark_Margins
Strawberry,similarTo,Esca
Proper_Irrigation,hasDisease,White_Powdery_Growth
Stunted_Growth,affectsPart,Apple
Sanitation,hasDisease,Copper_Spray
Dark_Margins,hasSymptom,Resistant_Variety
White_Powdery_Growth,affectsPart,Strawberry
Yellowing_Leaves,coOccursWith,Strawberry
Powdery_Mildew,coOccursWith,Strawberry
Gray_Leaf_Spot,showsSymptom,Apple_Scab
Common_Rust,affectsPart,Leaf_Mold
Strawberry,coOccursWith,Yellowing_Leaves
Potato,treatedBy,Necrotic_Tissue
Proper_Irrigation,showsSymptom,Citrus_Greening
Copper_Spray,similarTo,Biological_Control
Common_Rust,affectsPart,Peach
Proper_Irrigation,hasDisease,Pepper
Apple,affectsPart,Soil_Solarization
Copper_Spray,showsSymptom,Copper_Spray
Bacterial_Spot,applicableTo,Bacterial_Spot
Biological_Control,hasDisease,Esca
Yellowing_Leaves,similarTo,Target_Spot
Bacterial_Spot,similarTo,Orange
Yellowing_Leaves,showsSymptom,Septoria_Leaf_Spot
Cedar_Apple_Rust,applicableTo,Crop_Rotation
Apple,affectsPart,Potato
Septoria_Leaf_Spot,treatedBy,Leaf_Wilting
Potato,applicableTo,Leaf_Blight
Early_Blight,treatedBy,Vein_Yellowing
Orange,applicableTo,Soil_Solarization
Apple_Scab,hasDisease,Tomato_Yellow_Leaf_Curl_Virus
Grape,affectsPart,Strawberry
Dark_Margins,hasSymptom,Brown_Leaf_Spots
White_Powdery_Growth,similarTo,Soil_Solarization
Peach,treatedBy,Cedar_Apple_Rust
Grape,affectsPart,Soil_Solarization
Soil_Solarization,affectsPart,Leaf_Scorch
Vein_Yellowing,hasDisease,Corn
Necrotic_Tissue,showsSymptom,Brown_Leaf_Spots
Citrus_Greening,treatedBy,Water_Soaked_Lesions
Late_Blight,affectsPart,Corn
Peach,hasSymptom,Leaf_Mold
White_Powdery_Growth,showsSymptom,Resistant_Variety
Septoria_Leaf_Spot,coOccursWith,Curling_Leaves
Yellowing_Leaves,affectsPart,Leaf
Citrus_Greening,hasDisease,Vein_Yellowing
Septoria_Leaf_Spot,hasDisease,Resistant_Variety
Septoria_Leaf_Spot,hasSymptom,Copper_Spray
Stunted_Growth,similarTo,Orange
Potato,hasSymptom,Spider_Mites
Esca,showsSymptom,Tomato_Mosaic_Virus
Crop_Rotation,hasDisease,Powdery_Mildew
Soil_Solarization,coOccursWith,Citrus_Greening
Leaf,hasDisease,Brown_Leaf_Spots
Powdery_Mildew,affectsPart,Tomato_Yellow_Leaf_Curl_Virus
Soil_Solarization,similarTo,Northern_Leaf_Blight
Copper_Spray,hasDisease,Curling_Leaves
Bacterial_Spot,hasSymptom,Tomato_Mosaic_Virus
Common_Rust,affectsPart,Corn
Mosaic_Patterns,applicableTo,Fungicide
Gray_Leaf_Spot,hasSymptom,Septoria_Leaf_Spot
Northern_Leaf_Blight,similarTo,Dark_Margins
White_Powdery_Growth,hasDisease,White_Powdery_Growth
Dark_Margins,applicableTo,Apple_Scab
Tomato,hasSymptom,Corn
Grape,showsSymptom,Crop_Rotation
Crop_Rotation,similarTo,Resistant_Variety
Remove_Infected_Plants,similarTo,Corn
Yellowing_Leaves,hasSymptom,Leaf_Mold
Leaf,showsSymptom,Dark_Margins
Early_Blight,showsSymptom,Curling_Leaves
Esca,hasSymptom,Apple_Scab
Necrotic_Tissue,hasDisease,Squash
Squash,hasDisease,Crop_Rotation
Orange,similarTo,Black_Rot
Strawberry,treatedBy,Bacterial_Spot
Pruning,applicableTo,Curling_Leaves
Early_Blight,treatedBy,Pepper
Early_Blight,showsSymptom,Necrotic_Tissue
Tomato_Mosaic_Virus,affectsPart,Brown_Leaf_Spots
Copper_Spray,applicableTo,Tomato_Mosaic_Virus
Northern_Leaf_Blight,hasSymptom,Apple
Mosaic_Patterns,affectsPart,Northern_Leaf_Blight
Pruning,similarTo,Cedar_Apple_Rust
Grape,similarTo,Resistant_Variety
Dark_Margins,similarTo,Apple_Scab
Spider_Mites,hasSymptom,Gray_Leaf_Spot
Brown_Leaf_Spots,affectsPart,Citrus_Greening
Leaf_Blight,affectsPart,Brown_Leaf_Spots
Grape,hasSymptom,Tomato
Yellowing_Leaves,applicableTo,Curling_Leaves
Mosaic_Patterns,coOccursWith,Crop_Rotation
Fungicide,similarTo,Black_Rot
Leaf_Wilting,similarTo,Leaf
Leaf_Scorch,hasDisease,Pepper
Apple_Scab,affectsPart,Pepper
Tomato_Mosaic_Virus,affectsPart,Tomato_Yellow_Leaf_Curl_Virus
Bacterial_Spot,applicableTo,Apple_Scab
Northern_Leaf_Blight,coOccursWith,Pruning
Squash,similarTo,Tomato
